{
  "snr_input_db": -16.185921923771357,
  "snr_hankel_db": -11.073451689898457,
  "snr_fk_db": -13.918721114379204,
  "snr_combo_db": -5.300691932596948,
  "rmse_input": 0.3962595342308597,
  "rmse_hankel": 0.21996633207110822,
  "rmse_fk": 0.30522470612,
  "rmse_combo": 0.11316658882064101,
  "best_method": "Hankel+F-K"
}